n,Xi,Omega,E,F
1000,0.21013086663688038,0.6141727782276212,1.3411927191214246,-0.516889074256923
10000,0.21013185630388045,0.615484447926437,1.3511232427899962,-0.5255069385596788
100000,0.21013186620354746,0.6156243651276687,1.3524156945708985,-0.5266594632396824
200000,0.21013186627854716,0.6156324151533322,1.352500955638116,-0.5267366742062366
1000000,0.21013186630254713,0.615638946633462,1.352574842841928,-0.5268040299059189
