pi_approx,F(Nmax)
i/ln i,-0.6694688971391035
i/(ln i - 1),-1.0371786286021538
i/(ln i - 1.08366),-1.0869445906603032
